,tweets,date,tweet_id,subjectivite,sentiment,replay
0,occasion eid al-adha address sons daughters national gendarmerie police civil protection loudest,2020-07-31 11:47:23,1289165759269294081,objective,0,"['Open boundaries students Open borders treatment Open borders', 'An urgent appeal President Peoples Democratic Republic Algeria Mr Abdelmadjid Tebboune And Prime Minister head Algerian government Mr Abdelaziz Jerad Abdelaziz Djerad  ', 'An urgent appeal President Peoples Democratic Republic Algeria Mr Abdelmadjid Tebboune And Prime Minister head Algerian government Mr Abdelaziz Jerad Abdelaziz Djerad  ', 'Sir I employee public treasury I suffer responsible abuse I want transfer municipal treasury central treasury secretary forces stay reason I benefited rough Khamis justice housing I Khamis Khamis Martyrs Square Please sir account My request please sir', 'Exemption national service let serve', 'I dad', 'Pleaseeeeee', 'Open frontieres', 'economy Who broke black decimal ', 'secret Ministry raise dirhams let save us hate September savior forbidden', 'Peace you Mr President I Yain Ahras market state Madaourish I sick disease cause blindness I need surgery abroad', 'Mr President mother prisoner seventies state Bordj Bou Areridj asking bring son imprisoned Rehabilitation Institute Babar Khenchela son Abdelmoumen Ben Bettich No 13965 prisoner baccalaureates prison good conduct wilaya Bordj Bou Arrerigg nearest point Thank you Mr President', 'My message addressed you We appeal employ successful reserve professors high school excluded employment extension The primary sure employ period years', 'katash read', 'An urgent appeal President Peoples Democratic Republic Algeria Mr Abdelmadjid Tebboune And Prime Minister head Algerian government Mr Abdelaziz Jerad Abdelaziz Djerad  ', 'An urgent appeal Prime Minister head Algerian government Mr Abdelaziz Jerad Abdelaziz Djerad  ', 'An urgent appeal President Peoples Democratic Republic Algeria Mr Abdelmadjid Tebboune  ', 'Mr President participate depriving paion working field nursing  ask day ', '', 'Head Al-Attaf Department Mr President fact Guy Dai advantage finishes duties', '', 'Thank you President following small big thing We thank departure governor I saw circle I need leave No service I lying I prevent visit reception', 'You second year good', ' fair_contracts expired_pid_dais ', 'Mr President Republic owners liberal professions weekly markets When turn consider reopening activities', 'Mr President separating electricity gas concessions solution order rid bureaucracy frame electricity specialization run gas network tire gas run electricity network gas annual annual Dimension according customer', 'My uncle Blaze be there soon EXO Desire please', 'My uncle Tebboune Blaze Jebelna be there soon Dyer soyyyyyyyyyyyyyyyy', ' Tariq_Belaribi director justice agency We subscribers site housing units Bunan edit too waiting payment orders fourth tranche After decided hand housing starting August What happens Justice Agency Directorate knowing notaries waiting payment orders fourth tranche complete deliveries We ask care case', '', 'Mr President Abdel Majid Tebboune I citizen city Khenchela married father children I suffering housing problem years Because removed national housing card housing program I failed intransigence local administrations performing duties Intervention sake God ', 'In case satisfied God yes agent lord president ask open investigation case men polar gang harmed family whom Mr President justice accepted basis king Thank you', 'stability country We stood pause man paed stage Trade Directorate managed aid stood face overthrow me Mr President support standing order support truth falsehood We thank contractors friends stood equipment money overcome crisis Praise Allah', 'Mr President cut gangs roots roots papers derived especially state Jijel Trade Directorate Corona pandemic Those speculating hitting', '', '', 'We hated country rights Jews Christians Our dreams Algeria God enough yes agent', 'President Republic Algeria Abdelmadjid Tebboune We residents Balamari Farm Regiment for Camp Road Sidi Bel Abbas suffer marginalization exclusion head department deportation program despite states recommendations eliminate fragile housing We ask intervene urgently save families', ' Fear God_Vina_19_336 ', 'An urgent appeal President Peoples Democratic Republic Algeria Mr Abdelmadjid Tebboune And Prime Minister head Algerian government Mr Abdelaziz Jerad Abdelaziz Djerad  ', 'An urgent appeal President Peoples Democratic Republic Algeria Mr Abdelmadjid Tebboune And Prime Minister head Algerian government Mr Abdelaziz Jerad Abdelaziz Djerad  ', 'Mr President I apologize speaking French I disappointed contrast speech reality ground ']"
1,stations borders mountains outskirts algeria including officers non-commissioned officers soldiers happy blessed eid year,2020-07-31 11:28:27,1289160995705884672,Subjective,1,"['Peace you Mr President I Yain Ahras market state Madaourish I sick disease cause blindness I need surgery abroad', '', '', 'Peace you President God help good country people I present proposal represented following 1- Exploiting previously implemented projects remaining use follow-up stores named president especially built major cities form floors', 'Mr President cut gangs roots roots papers derived especially state Jijel Trade Directorate Corona pandemic They speculating hitting', ' ', 'Greetings ']"
2,algerian white army holiday rabat continues struggle epidemic compromising resolve serving algeria,2020-07-31 11:12:08,1289156890757345282,objective,1,"['Peace you Mr President I Yain market Ahras state Madaourish I sick disease cause blindness I need surgery abroad My condition urgent I blind friend lost vision diabetes years dire need state 0669403997', '', 'A letter Mr Abdel Majid Tebboune Mr President I young man Algerian citizen deprived life dream knowledge bribery']"
3,bow reverence souls martyrs doctors hamra muhammad shabila samir houhou muhammad murad rafawi souls,2020-07-08 23:13:21,1281003467709054976,objective,0,"['', 'Peace you Mr President I Yain market Ahras state Madaourish I sick disease cause blindness I need surgery abroad My condition urgent I blind friend lost vision diabetes years dire need state 0669403997', 'My Lord preserves dear President Abdul Majeed Tebboune Greetings Mr President state Relizang', 'at at Mr President father contractor years obtained money  Sir President Rana live religion  Mr President ask bribe bash takes dirhams  God count yes agent', 'God bless guide']"
4,cowardly aaination victim today lawyer tarafi yasmine bel-bouira prime,2020-07-07 21:28:04,1280614584286695424,objective,-1,['Peace you Mr President I Yain Ahras market state Madaourish I sick disease cause blindness I need surgery abroad']
5,hand treachery terror strikes kill pure souls guerrilla lion cubs duty beloved homeland,2020-06-28 14:57:41,1277254850825330688,Subjective,1, 
6,algeria lost martyrdom corporal zananda mustafa lion nations cubs blood sake redeemed nation barbaric terrorism,2020-06-21 13:36:57,1274697819430031360,objective,0,['Peace you Mr President I Yain Ahras market state Madaourish I sick disease cause blindness I need surgery abroad']
7,happy eid mubarak doctors paramedics lines facing epidemic forget sacrifices,2020-05-24 10:14:55,1264500115227709440,Subjective,1,['Peace you Mr President I Yain Ahras market state Madaourish I sick disease cause blindness I need surgery abroad']
8,members national gendarmerie police civil protection eid mubarak happy year country long aet algeria,2020-05-24 10:00:08,1264496395802853379,Subjective,1,['Peace you Mr President I Yain Ahras market state Madaourish I sick disease cause blindness I need surgery abroad']
9,brave members peoples national army officers non-commissioned officers soldiers stationed borders eid mubarak,2020-05-24 09:44:08,1264492370835505152,Subjective,1, 
11,congratulations professor maryam murad chosen member prestigious american academy sciences recognition outstanding contributions,2020-05-11 22:52:28,1259979718637621253,objective,1, 
12,algeria waste sporting talent ines ibou prime zahra al-tender specialty rarely survives,2020-05-10 22:08:20,1259606221453230080,objective,1, 
13,sadness sorrow received news death late hamid cherit artist called idir icon algerian art owner international reputation,2020-05-03 00:56:00,1256749315156062209,objective,1, 
14,commander chief armed forces minister national defense officers non-commissioned officers soldiers brave marabout,2020-04-23 20:26:27,1253419987118637056,Subjective,1, 
15,eve flag day abdel-wahab essawy djelfa joining algerian convoys writers filled place filled,2020-04-14 21:43:21,1250177850512158720,Subjective,1, 
16,occasion health day greeting appreciation gratitude doctors entire family health sector sacrifices people solidarity,2020-04-07 18:14:11,1247588496669360130,Subjective,0, 
17,gratitude military aircraft crew members completed mission fullest transport supplies china port,2020-04-05 20:10:55,1246893099642691585,objective,-1, 
18,pleased initiative medical team university hospital tizi ouzou succeeded developing telemedicine consultations visioconf√©r,2020-04-02 13:08:17,1245699575438102533,Subjective,1, 
19,emotion received news death late professor ahmed mahdi head surgery department franz fanon hospital blida,2020-03-30 17:34:05,1244679304107167746,Subjective,1, 
20,appreciation people blida patience quarantine imposed coronavirus certainty god forbid punishment blida jawhar,2020-03-25 13:40:48,1242808654346235905,objective,0, 
21,road snatches lives safe citizens pain received mourning people road,2020-03-12 13:37:28,1238096774251905024,Subjective,1, 
22,emotion received news death public prosecutor cherchell court wife son suffocating gas night,2020-03-11 12:59:44,1237724890259750912,objective,1, 
25,sadness sorrow received tragedy martyrdom lion lions algeria soldier musa merdai confronted field valiantly remnants phil,2020-03-02 16:46:20,1234520425734049794,Subjective,1, 
26,encouragement artist abdel halim salami city tougourt translated nature history ancient rig valley artistic paintings embody father,2020-03-01 20:37:32,1234216223459676160,Subjective,1, 
27,pleasure international day civil protection congratulate sons daughters algerian civil protection expressing gratitude people,2020-03-01 08:57:55,1234040157378093056,objective,0, 
28,gladly received letter community kingdom saudi arabia grateful kind country,2020-02-27 09:18:21,1232958135549255680,Subjective,1, 
29,sisterly land kingdom saudi arabia received news death prince talal bin saud bin abdulaziz saud result misfortune,2020-02-27 08:09:42,1232940857663328256,objective,0, 
30,government health authorities country ordered utmost caution caution recording case infection foreign parishioner,2020-02-25 21:38:36,1232419650090283008,objective,-1, 
32,big greeting righteous son algeria star riad mahrez elevation morals charitable actions people country ethics puts,2020-02-24 14:55:54,1231955918167912452,objective,1,['Peace you Mr President I Yain Ahras market state Madaourish I sick disease cause blindness I need surgery abroad']
33,workers joined hands colonialism founding historic union ugta leadership martyr aissat idir zaim hawari gained,2020-02-24 09:01:25,1231866711785320448,objective,0,['Peace you Mr President I Yain market Ahras state Madaourish I sick disease cause blindness I need surgery abroad My condition urgent I blind friend lost vision diabetes years dire need state 0669403997']
34,muhammad ali toirat created creation smart farm accepted team girls,2020-02-23 19:15:29,1231658858512252928,Subjective,1,['Peace you Mr President I Yain market Ahras state Madaourish I sick disease cause blindness I need surgery abroad My condition urgent I blind friend lost vision diabetes years dire need state 0669403997']
35,departure ayach yahyaoui poet writer researcher candle lit culture algeria decades extinguished,2020-02-20 16:45:36,1230533974394576897,objective,0,['Peace you Mr President I Yain Ahras market state Madaourish I sick disease cause blindness I need surgery abroad']
36,sadness sorrow received news death john daniel journalist writer founder weekly nouval observator friend algerian revolution,2020-02-20 12:10:14,1230464675642511365,Subjective,1, 
37,offer tomorrow god columns figaro newspaper thursday evening algerian television regular meeting representative,2020-02-19 19:28:44,1230212642247266309,objective,1, 
38,revered glorified day righteous martyrs algeria renew pledge loyalty message promise restore memory well-being,2020-02-18 12:57:28,1229751789286756352,objective,0, 
39,received satisfaction news children leaving safe epidemic quarantine period health success studies,2020-02-17 10:38:01,1229354304970031104,objective,1, 
40,heroic martyrdom ibn al-ashwas bin adda brahim al-murabit borders mali criminal operation burj badji mukhtar,2020-02-09 17:52:18,1226564494635212800,Subjective,1, 
41,occasion cancer day speedy recovery patients ordered minister health alleviate suffering,2020-02-04 15:11:11,1224712008270073865,Subjective,1, 
42,sadness extend condolences families victims tragic traffic accident occurred annaba souk ahras experienced morning thunderbolt,2020-02-04 12:21:25,1224669283566981122,Subjective,1, 
43,future algeria people salma bekouch fatima zahraa bin hamida ahlam hamli radwan hussein,2020-02-01 16:23:02,1223642925780828163,objective,1, 
44,condolences condolences families pilots victim tragic accident crash military training plane oum el-bouaghi,2020-01-27 23:43:53,1221941929090469888,objective,-1, 
45,blessed friday god al-rahman baabada lack casualties citizens earthquake struck al-awan municipality,2020-01-24 17:06:53,1220754858078343170,objective,0, 
46,sadness sorrow received news tragic accident claimed lives left dozens wounded grave patient,2020-01-19 11:18:32,1218855253287886849,Subjective,1, 
47,occasion amazigh year 2970 extend warm congratulations algerian women men beseeching almighty,2020-01-11 18:02:11,1216057731825709057,Subjective,1, 
48,congratulations saharan warriors wonderful african coronationscongratulations balmadi blailey african star mahrez precious title,2020-01-07 21:37:21,1214662329603936258,Subjective,1, 
49,committed capable change algerians precious trust invite,2019-12-13 13:27:32,1205479366353924096,Subjective,1, 
50,european parliament condemning israels crimes palestine suppressing demonstrations france saturday setting algeria heading,2019-11-28 20:13:13,1200145643517497344,objective,0, 
51,today pleasure meet excellency ambaador kingdom saudi arabia abdulaziz al-omairini talks,2019-11-26 16:43:50,1199368174917083136,objective,1,['Peace you Mr President I Yain market Ahras state Madaourish I sick disease cause blindness I need surgery abroad My condition urgent I blind friend lost vision diabetes years dire need state 0669403997']
52,pleasure evening receive excellencies german ambaador algeria ulrike knouds belgian ambaador pierre,2019-11-24 18:08:12,1198664627762151424,objective,0, 
53,today received excellency british ambaador algeria barry lewin felt britains adherence relations algeria,2019-11-20 16:14:13,1197186392742383616,objective,1,['Peace you Mr President I Yain market Ahras state Madaourish I sick disease cause blindness I need surgery abroad My condition urgent I blind friend lost vision diabetes years dire need state 0669403997']
54,consecutive match african nations cup qualifiers warriors prove heels congratulations greens coach belmadi,2019-11-18 21:23:23,1196539421899837448,objective,0, 
55,today pleased receive ambaador united states america john deruscher meeting confirmed algerian relations,2019-11-16 15:18:35,1195722839359459328,Subjective,1, 
56,desert warriors hitting heavyweights clay performance zambia bravo victories greens god,2019-11-14 21:32:39,1195092203162546183,Subjective,1,['Peace you Mr President I Yain Ahras market state Madaourish I sick disease cause blindness I need surgery abroad']
57,hearts people gaza men women children falling heads occupation missiles deir al-balahwe condemn operation,2019-11-14 12:01:55,1194948573605040134,objective,0, 
58,follow al-bilad television tonight starting evening presidents studio share chalghoum rafik,2019-11-10 15:18:20,1193548451172298760,objective,0, 
